age,sex,bmi,children,smoker,region,charges
56,male,32.1,0,yes,northwest,5606.131640341182
46,female,26.1,2,yes,southwest,7572.926377051668
32,female,21.8,2,no,northwest,2125.077787000144
60,female,39.9,2,yes,northwest,8776.66538278031
25,male,25.7,1,yes,southeast,6422.943626771866
38,male,26.3,2,yes,southwest,7354.989564214923
56,male,19.1,0,no,southwest,1332.7523399079985
36,male,34.9,3,yes,southwest,9312.810177169666
40,male,32.3,3,yes,southeast,9498.25052797448
28,male,20.5,4,yes,northwest,10258.041612098326
28,male,17.1,0,yes,southwest,6700.727448469212
41,male,32.0,2,yes,southwest,8016.980116653408
53,female,31.4,3,no,northeast,3414.196160502246
57,female,21.8,0,no,southwest,1106.5189003810626
41,male,38.8,3,no,northwest,3896.4976885600913
20,male,18.8,2,yes,northwest,7247.24735834223
39,female,25.8,3,no,northeast,4010.9625861086206
19,male,38.6,4,no,southwest,5549.8763665047945
41,male,25.5,4,no,southwest,4547.002579201859
61,male,31.0,3,yes,southwest,9812.194043665859
47,female,24.9,0,yes,southeast,5488.193020498592
55,female,21.9,0,no,southwest,841.0483893372684
19,female,39.6,0,no,northwest,1330.153940890434
38,female,25.2,3,yes,northwest,8750.05039565797
50,female,37.4,0,yes,southeast,5359.9988305307315
29,male,20.7,2,no,southeast,3272.7037458944023
39,female,20.3,4,yes,southwest,9539.267829821987
61,male,15.8,2,no,northeast,3243.4492246968466
42,male,31.3,0,yes,southeast,5453.927932486169
44,female,24.2,2,no,southeast,2407.281708951794
59,female,36.6,0,no,southwest,1708.2167047776786
45,male,26.8,3,yes,southwest,9181.254046371012
33,male,39.2,2,no,southeast,2979.707144657662
32,male,19.6,3,no,northeast,3979.5157990854186
64,female,36.7,3,no,southeast,3826.980432227821
61,female,34.4,1,yes,southwest,7298.129558744455
20,female,34.3,0,yes,southwest,6100.276961695033
54,female,36.1,4,yes,southeast,10055.109197404485
24,female,34.0,0,no,northeast,632.3571472046208
38,male,30.7,4,yes,southeast,10089.124289107396
26,female,18.3,0,no,southeast,718.509428349551
56,male,15.8,3,no,southwest,3613.0889605401953
35,male,38.0,2,yes,northeast,7668.092764909625
21,male,30.4,2,yes,northwest,7969.238524667734
42,female,34.9,1,no,northeast,1926.3388175816972
31,female,27.0,4,no,southeast,4427.671189781533
26,female,17.9,4,yes,southeast,9759.764905379056
43,male,18.1,4,yes,southeast,10631.152736027692
19,male,32.1,3,yes,northeast,8803.586167046462
37,male,25.8,4,no,southwest,5699.8882706210115
45,male,20.0,2,no,southeast,3932.1658573650475
64,male,27.3,3,no,southeast,3639.2905488111624
24,male,16.6,0,no,northeast,706.5221040994822
61,female,29.5,4,no,northwest,6196.865958908154
25,female,21.7,4,yes,northwest,9748.460019295479
64,female,34.9,0,yes,southwest,6286.4060728827
52,female,22.8,4,no,southwest,4130.997262812554
31,male,26.4,0,no,southeast,667.169049840166
34,male,15.3,3,yes,northeast,9003.794342334468
53,female,16.8,2,yes,southeast,9065.641321475625
57,male,24.8,0,yes,southwest,5932.996583264155
21,female,27.0,1,yes,northeast,6063.686838874322
19,female,30.0,0,no,northeast,242.3754046133455
23,female,22.3,4,yes,southwest,9793.105157030852
59,male,32.4,3,no,northwest,4781.603399026124
21,female,36.5,3,yes,northwest,9403.676841437698
46,female,34.5,0,yes,northeast,6400.127931755063
35,female,16.0,2,yes,southeast,8399.572193458798
43,male,27.0,1,no,northwest,1644.8854562405243
61,male,17.6,3,no,southeast,3916.547359978783
51,female,21.1,4,yes,northwest,9666.808939898803
27,male,39.7,4,no,northwest,5043.2721322739635
53,male,18.6,2,no,southeast,2383.8653228372577
31,male,27.5,3,yes,southwest,8783.011964283101
48,male,30.5,0,yes,northwest,6086.142216877301
32,male,32.6,4,no,northwest,4876.2642500692245
25,male,29.0,2,no,southeast,2874.4692484930993
31,male,15.2,3,no,southwest,3911.520271718593
40,male,23.2,3,yes,northwest,9533.347884532199
57,male,27.9,3,yes,northwest,9748.577934056299
38,male,17.2,3,no,southwest,4164.710883698496
33,female,23.8,3,yes,northwest,8261.009260780842
62,female,15.8,4,yes,southwest,9695.795007215072
35,male,17.0,2,no,southwest,2627.857484643699
64,female,24.9,3,no,southeast,3739.425084605718
41,female,18.3,1,yes,northeast,6992.1755895148035
43,male,29.2,1,yes,southwest,6251.835753359271
42,male,32.2,2,no,southeast,3950.7832347641456
62,male,35.0,0,yes,northeast,6857.610335760857
58,female,20.0,0,yes,northwest,6179.1011309508785
46,female,19.2,0,no,northeast,832.9453350399077
32,male,17.6,1,no,southwest,2376.419647536277
62,male,30.9,0,yes,southwest,6522.702468390134
18,male,32.7,4,yes,southwest,10547.318892109046
42,female,15.8,3,yes,southwest,8746.47395887008
24,female,38.4,1,no,southwest,3032.6565429320835
26,female,16.3,2,yes,southeast,8289.443937844928
41,female,28.5,2,yes,southwest,8279.768147717965
18,male,32.7,3,no,southeast,4621.986460215578
61,male,36.8,1,no,northwest,2081.419029083014
25,male,32.9,0,yes,southwest,5449.249820326487
41,male,35.0,0,no,southwest,1315.7752565237379
28,female,23.5,4,no,northeast,4831.454777093266
34,female,35.4,4,yes,northwest,10029.141328861186
25,male,17.0,0,no,southwest,1323.1560196747016
52,male,37.4,2,no,southwest,3341.569606605315
52,female,28.7,2,yes,northwest,8215.784536767742
50,male,35.4,4,no,southeast,5044.473720622952
22,female,26.3,3,yes,southwest,9326.561569639764
59,male,31.1,0,yes,northeast,6517.93789065396
56,male,28.2,4,no,southwest,5530.829838447146
58,male,33.3,4,no,northeast,4957.36801668191
45,male,17.0,0,no,northeast,1467.0442300234974
24,male,16.5,0,yes,southwest,6619.384211883186
26,male,21.2,2,no,southwest,3225.019198662353
25,male,19.0,3,yes,northeast,8350.355856377855
29,female,36.8,3,no,northwest,3729.8988578818994
51,female,20.5,0,no,northwest,727.3115222034561
50,female,39.4,1,no,southwest,2005.8113929907395
40,female,23.4,4,yes,southeast,9882.453687156367
41,female,19.6,4,no,northwest,5163.221233183924
54,male,34.7,0,no,southwest,1358.9762203749242
52,male,31.5,1,yes,northwest,7241.144528193145
61,female,27.5,2,yes,southeast,7984.398625099927
57,male,28.9,0,no,southwest,1076.0770364177254
39,female,33.0,0,no,southeast,1503.2877537645008
44,female,20.7,4,no,southwest,3878.0209862500924
52,male,39.9,0,yes,southeast,6302.304795760634
18,male,39.4,0,yes,northwest,6271.993797463662
52,male,31.3,0,yes,northwest,6527.791534273647
54,female,20.0,4,yes,southeast,9414.977030358088
64,male,32.0,2,no,southeast,2678.5451587734406
31,female,16.8,2,yes,southeast,8032.977497439067
20,female,15.8,0,yes,southwest,4713.773879871542
18,female,21.4,4,yes,northwest,10434.094555380392
22,male,26.6,2,no,southwest,3005.2959957464054
43,male,36.7,2,no,northwest,3978.3606064217183
31,female,33.2,2,yes,northeast,7525.4638117152435
56,male,33.6,4,yes,southwest,9983.82026564088
44,male,25.6,4,no,northwest,3778.065836536557
26,male,23.6,0,no,northwest,454.1551185023619
32,female,24.3,3,no,southwest,3804.07655963906
32,female,39.7,2,no,southwest,2222.6462099957816
43,male,16.0,3,no,northwest,3587.6865939008003
59,female,36.7,4,no,southwest,4285.329911569877
30,male,29.5,4,no,southeast,4861.269907544287
49,male,26.0,4,no,southwest,5588.5559635541185
56,male,33.1,3,yes,southwest,9174.510124942939
49,male,27.2,4,yes,southwest,10868.103686305902
21,female,36.8,0,yes,northwest,6484.146281697305
47,female,37.5,4,yes,southeast,10909.073924303486
54,female,25.5,1,yes,northeast,6647.527379560858
40,male,21.9,3,yes,northeast,8493.4291858037
56,male,29.8,1,no,southeast,2298.8067081926843
62,male,37.8,4,no,southeast,4527.148954183571
32,female,20.3,0,yes,southeast,6051.571874881045
60,male,30.6,2,yes,northwest,8000.040091726535
46,female,30.8,4,no,northeast,5760.998418773329
53,female,33.3,0,no,southeast,1520.7561270397052
30,female,18.3,3,no,northwest,4314.353215170064
49,female,32.9,1,yes,northeast,6775.896959302477
24,female,37.7,1,no,southwest,2648.105134380864
39,female,19.5,1,yes,northwest,7557.3562471821415
45,male,20.9,3,yes,northeast,8873.64308830983
19,male,39.3,0,no,northwest,761.324690316756
59,female,19.5,3,no,northeast,3574.106399382795
62,female,36.4,1,yes,northeast,7907.506496007983
23,male,27.3,4,no,southwest,6253.172871211656
45,female,21.2,2,no,northwest,2408.177464912389
45,female,36.8,3,yes,southeast,8681.73997497872
61,male,26.1,3,no,southwest,4537.70709033724
61,female,27.9,0,yes,southwest,5736.043235316678
37,female,24.0,0,yes,northeast,6424.1776921141345
47,female,29.8,3,no,southeast,4313.673086763323
28,male,19.1,1,yes,northwest,6760.011348751018
45,male,24.8,2,yes,southeast,8191.635767260844
42,male,39.2,0,no,southeast,1434.099184576697
56,female,21.5,1,no,southeast,1870.1967511069122
50,female,31.4,4,no,southeast,4249.819484180753
18,male,23.1,0,yes,southeast,5891.325364294517
44,female,34.3,1,yes,northeast,7942.530183032082
30,female,18.3,1,no,northeast,961.6156683977382
58,female,39.2,2,yes,southwest,7841.107489930528
20,female,26.3,2,no,northeast,3089.4134873830053
56,female,20.9,4,no,southwest,4967.29593136614
23,male,16.8,1,yes,southwest,6906.591079792144
25,female,19.2,1,no,northwest,1409.340896086169
44,male,28.0,2,yes,southeast,8611.229143296154
26,female,23.4,0,yes,northeast,5871.450282845106
54,male,35.7,0,no,northwest,1582.4927611715284
50,female,25.8,3,yes,northeast,9176.138705485548
59,male,21.2,2,no,southwest,3056.7474839804963
61,female,30.4,3,yes,northeast,9476.416828514066
41,male,32.7,2,yes,southeast,8202.243976983475
32,female,19.2,4,yes,southwest,9198.900485952245
49,male,19.2,1,no,southwest,2422.678412857982
49,female,15.9,4,yes,northwest,10222.063643124091
41,male,33.4,2,no,southeast,2069.574804321095
58,male,31.6,1,yes,southwest,6844.899857562162
29,female,26.9,0,yes,southeast,6454.180231246403
56,female,36.1,0,no,northeast,338.5357267610831
19,male,35.1,3,no,southeast,4518.783440950372
20,female,29.6,2,no,southwest,2871.388732172875
54,male,36.7,2,no,northwest,3924.1412851669957
34,male,20.1,0,no,southwest,821.4266054622682
19,male,17.8,4,yes,southeast,9339.966003502186
19,female,21.7,1,yes,southeast,6933.042830379571
45,male,16.4,4,no,southwest,4787.807255245007
40,male,28.3,4,yes,southeast,9610.57443292966
54,female,38.4,0,yes,northeast,7397.171741505694
49,female,16.0,0,yes,southwest,5329.450909207842
50,female,18.1,0,no,northwest,0.0
18,female,26.3,3,yes,southwest,9656.849484060745
36,male,38.3,4,yes,northeast,9904.218263842036
19,male,22.9,2,yes,northeast,7654.613369517152
61,male,27.7,1,no,northeast,1930.046967685483
43,male,16.0,3,yes,northeast,8500.174282920838
49,female,18.7,2,yes,northeast,7485.903764368277
23,male,39.7,4,no,northwest,4660.591348751518
49,male,39.1,0,no,southeast,1309.379880852283
21,female,15.1,4,yes,northeast,9456.006221162183
28,male,38.8,1,yes,northeast,7531.181095166973
34,male,31.0,3,no,southwest,4281.347025808077
55,male,36.7,3,no,northwest,3795.2439032372977
41,male,26.4,1,no,northwest,2037.260638036178
22,male,27.9,2,no,southeast,2709.0808379393234
51,male,27.2,2,no,northwest,2553.1697786831674
23,female,31.7,3,no,southwest,4343.7157852575665
39,female,18.5,3,no,southwest,3754.3373603458176
28,male,15.7,0,yes,southeast,5500.22498991476
33,male,22.7,2,no,southwest,2441.21638178836
50,female,32.6,1,no,northeast,1638.0316194633306
26,male,20.0,2,yes,northeast,8774.384011957272
23,male,31.8,0,no,southwest,1168.0593248149983
33,male,39.2,3,no,southeast,3653.435481398592
46,female,17.3,3,yes,northwest,8969.932949161406
20,male,31.8,0,no,southeast,1517.008088397769
37,female,26.1,1,yes,northwest,7040.758806265021
53,male,36.7,3,yes,southwest,9936.010671066562
36,female,19.4,4,yes,southwest,9046.593428965016
43,female,32.3,3,yes,northeast,8115.338976309895
20,male,36.0,4,no,northwest,5200.258710926877
36,female,38.6,0,yes,southeast,6340.248071686941
37,male,32.1,0,yes,southwest,4407.249910872879
49,female,27.4,3,no,southeast,3731.2119543989925
24,male,30.4,2,yes,northeast,7473.6688428082725
58,male,36.7,4,yes,northwest,9578.026879648422
50,female,29.3,1,yes,northwest,6580.479117695095
57,male,15.8,3,yes,southwest,9148.89390079968
56,male,38.3,1,no,northwest,1787.297489355146
35,female,32.2,3,yes,southwest,8577.43893270908
57,male,31.9,2,no,northeast,2363.5973455711605
18,male,20.4,2,no,northwest,3382.454821257913
28,female,31.5,2,yes,southwest,8237.316182735318
45,female,24.8,2,yes,southeast,6724.821898548549
42,male,31.3,0,yes,southwest,5594.879960388407
40,male,17.7,0,yes,northwest,6068.258942197463
48,female,31.4,4,no,northeast,5758.696274491418
47,female,40.0,1,no,northwest,2705.4193796833283
59,male,16.2,3,no,northwest,3691.158544871057
52,female,39.4,3,yes,southwest,8332.31156960348
24,male,25.2,0,no,southeast,1309.124496955655
33,male,36.8,3,yes,northwest,9002.551574339748
43,male,34.6,0,yes,southeast,6191.431007307535
19,male,29.2,4,yes,southwest,9840.289780895751
18,male,33.5,1,yes,southeast,6332.2352502118665
29,female,37.0,4,yes,southwest,10317.125106111494
22,female,25.1,2,no,northeast,2975.2295155567235
54,female,23.2,2,no,southeast,2771.1055785426006
49,female,31.7,2,yes,southeast,8364.552899931243
26,male,35.2,4,no,northeast,4397.000226288347
58,male,34.1,3,yes,southeast,9087.498612058445
52,male,34.9,1,yes,northeast,7221.063736467894
36,male,25.9,2,yes,northwest,7080.536183932469
33,female,35.4,2,no,southwest,3094.4516945819732
20,male,18.0,2,yes,northeast,8076.822573340648
37,male,28.6,1,yes,southeast,6855.384537978566
41,female,15.1,2,no,northeast,2739.942548742828
50,female,23.1,1,no,southeast,2243.1720196170836
41,female,24.2,2,no,northwest,2745.099945566864
28,female,24.9,4,yes,northeast,9739.101300227856
25,male,32.4,4,yes,northwest,9434.648242733767
53,male,24.7,1,no,southwest,2001.5316113396175
55,female,26.2,4,yes,southeast,9881.57575819761
57,male,20.9,1,no,southeast,2202.5448975266613
37,male,24.3,4,no,northwest,5202.72997709162
52,male,20.7,4,yes,southwest,10319.60451950644
42,female,16.8,1,yes,northeast,6541.869824552435
52,male,30.1,3,no,northeast,3023.709457187942
42,female,31.7,4,no,southeast,5464.819873232387
46,male,30.5,2,no,northwest,3305.5604820487047
35,male,26.6,3,no,northwest,3639.354197656955
63,male,24.5,1,yes,northeast,7332.470099783669
35,female,36.6,3,no,southwest,3432.7050987418793
19,male,28.0,0,no,southwest,1420.1201064351376
52,female,27.0,0,no,northeast,883.1877241029749
33,female,15.6,4,yes,northeast,9312.536193497552
58,female,23.5,4,yes,northwest,9699.149221880556
53,male,24.5,2,no,southwest,2889.257506999894
50,male,25.0,3,yes,northeast,8993.993963350269
21,male,29.5,0,yes,northeast,5969.140140199704
50,male,28.3,4,yes,southeast,9851.196278020938
31,female,30.2,3,no,northeast,4109.119786730739
38,female,34.1,4,no,northeast,5126.139637166717
37,female,35.3,4,yes,southwest,9817.2135022128
25,male,33.0,0,no,northwest,635.9046877893679
24,female,38.9,0,no,southwest,1452.1827714474189
20,male,15.5,4,yes,northwest,9922.163017998953
34,female,19.9,1,yes,southeast,6846.5681775806315
50,male,15.2,4,no,northeast,5266.097732995101
29,male,31.2,4,yes,southeast,9038.336171916182
39,female,37.5,2,no,northwest,2912.8026792466485
39,female,21.1,2,no,southwest,2288.841443832678
63,female,38.2,2,yes,southwest,9457.136132568925
47,female,16.5,1,no,southeast,2171.609910197993
55,male,38.4,1,no,northwest,2253.4690081708623
55,female,23.8,4,yes,southeast,10393.495289423077
62,female,17.5,2,yes,southeast,8468.137831877557
25,female,27.1,1,yes,northeast,7469.815845762036
44,male,21.4,0,no,southeast,1358.8517425501766
44,male,22.1,4,yes,northeast,9780.72983835897
51,female,22.7,3,yes,northeast,8708.317290258025
38,male,35.1,4,yes,southwest,9660.905410009658
47,female,28.5,3,yes,northeast,9306.223633364503
50,male,22.8,2,no,northeast,2876.5321323356093
45,male,30.3,3,no,southwest,3871.764484741402
64,male,32.9,2,yes,southeast,7992.669319136099
50,male,21.8,0,no,northwest,1661.0963153173443
22,female,25.3,3,yes,northwest,9342.340206420835
36,female,18.0,4,yes,northwest,10705.196928064082
21,female,19.5,2,no,southeast,3009.5081499460543
52,male,32.0,4,no,northeast,5178.477220127449
34,female,19.5,1,yes,northwest,6797.298774627538
61,female,28.1,2,yes,southeast,7606.849226369263
45,female,32.7,3,no,northeast,3498.2905041243
47,male,17.7,2,yes,southwest,8092.670510946437
46,male,29.2,4,no,northwest,4596.660644758373
63,male,21.4,0,yes,northeast,6098.728876933618
23,female,39.1,2,yes,northwest,8704.733341547606
52,female,27.1,3,no,northwest,3719.273033484552
58,female,35.1,1,no,northwest,3247.240817295789
54,male,28.8,0,no,northeast,600.6524395279503
41,male,16.1,1,no,southeast,2272.0973782449228
46,female,30.8,2,no,northeast,3308.378090566181
63,male,38.8,4,no,northwest,5938.0476249730755
48,male,30.0,4,no,northeast,4531.901194320155
52,male,35.5,3,yes,southwest,10373.510458476805
50,male,37.1,4,yes,southeast,10152.612458108548
38,female,20.7,0,yes,northeast,6192.32396964964
49,male,20.3,4,no,southwest,5623.24374447325
40,male,30.3,3,no,southeast,3753.6689662523922
50,male,25.3,2,no,southwest,3418.863181473589
20,male,36.0,2,yes,southeast,7684.265177389254
35,female,37.5,4,no,northeast,5873.480790228919
42,female,23.8,1,no,southwest,1555.9096343856331
59,male,20.9,2,yes,northwest,7982.2534912478795
48,male,34.5,4,no,southwest,5333.06035050598
20,male,21.9,3,yes,southeast,9180.149884861308
57,male,35.6,4,yes,northeast,11231.238154213272
63,male,25.6,2,no,southeast,2851.0155051927554
41,male,31.7,3,no,southwest,4658.367387136803
49,female,17.4,4,no,southwest,5828.129224317068
64,male,30.6,0,yes,northwest,6264.866680432458
39,female,26.3,3,yes,northeast,8695.933624939855
40,female,29.7,0,yes,northeast,5178.983130282354
19,male,19.2,1,no,southwest,2670.6378837055313
44,female,33.4,3,no,northeast,4015.777835037818
59,female,36.6,0,no,northwest,776.3207503847245
19,female,20.4,2,no,southeast,2073.8349578951184
43,female,17.4,2,yes,northeast,7311.3929048049795
34,female,15.6,1,yes,southwest,7191.852646613583
57,female,31.0,3,yes,southeast,9683.93426383737
50,male,30.2,3,yes,southeast,9430.060935727768
26,female,28.7,3,no,northwest,4020.168913676682
60,female,20.8,1,no,southwest,1343.239705249332
56,female,24.8,3,no,northeast,3661.0295270489764
46,male,29.9,2,yes,southwest,7524.690294659362
59,female,27.4,0,yes,southeast,6379.410502763132
43,male,39.7,2,no,southwest,2727.343760569148
52,female,18.4,2,no,northeast,2520.876944473204
42,male,32.4,0,yes,northeast,6016.256378500747
41,male,25.1,2,no,northwest,2122.0999234518267
30,female,25.7,1,yes,northeast,6937.385715420423
24,female,32.9,0,yes,northeast,5974.423559482232
53,male,32.3,2,yes,southwest,8753.104572980845
62,female,39.8,4,no,southwest,4946.067227483124
37,male,18.2,2,no,southeast,2149.4022408438323
18,male,17.6,1,yes,northwest,6504.9701752043575
25,male,33.1,3,no,southwest,3487.954353281992
63,male,29.5,2,yes,northeast,8174.5772959065625
33,male,21.9,3,yes,southeast,7923.032569086697
31,female,17.0,4,yes,southwest,9442.32729831136
29,male,17.1,2,yes,northwest,7272.81416508889
40,male,37.4,0,no,northwest,1481.8785385430344
32,female,19.8,3,yes,southeast,8400.717645187317
45,male,23.1,4,yes,southeast,9068.952120700751
51,female,20.7,0,no,southeast,818.0899515327258
19,female,23.9,0,yes,southeast,5982.943070137255
49,female,16.7,0,yes,southeast,5693.397403369637
40,male,28.0,0,no,northeast,704.3386103904461
39,male,16.7,2,no,northeast,2443.218949707869
42,male,35.0,2,no,southwest,3216.474016221017
39,female,20.8,2,yes,northwest,7416.275625380226
39,male,28.5,4,no,northeast,4850.758514294733
59,female,37.0,4,no,northeast,5660.223285443687
23,male,31.3,4,yes,northeast,9340.338460547177
32,female,28.3,1,yes,southwest,6954.166490129864
60,male,23.1,4,yes,southeast,9117.505293601498
54,male,23.3,2,yes,southwest,8099.9648350049765
50,male,31.7,2,yes,northwest,7644.595394600469
25,female,39.9,1,no,northwest,2682.7959065153973
61,female,31.5,1,no,northwest,1446.5263451773255
61,male,28.9,4,no,northwest,5354.039518400504
22,male,33.3,3,yes,northeast,9636.565539263247
56,female,26.6,1,yes,northeast,6546.655299289766
21,female,16.5,0,yes,southwest,5254.05753550253
23,female,29.1,2,no,southeast,2474.902177811701
62,male,38.9,0,no,northwest,1095.068655797848
49,female,19.4,2,yes,southwest,8141.710899594733
47,male,32.3,2,no,northeast,2847.247533056438
64,female,20.0,1,yes,northeast,6409.520887396821
52,male,28.4,1,no,southeast,1068.6231467083549
57,female,17.4,0,no,southeast,1683.973753256198
33,female,26.3,2,no,southeast,3781.2478152073236
30,female,33.9,0,yes,southwest,6358.118519744228
59,female,23.7,3,no,northeast,3613.8081527875074
47,female,31.6,0,no,northeast,1490.8510575658233
36,male,34.9,4,yes,southeast,10602.353458746533
34,female,38.2,0,no,northwest,1056.8759342936332
36,female,20.9,4,yes,southeast,9868.684271999446
45,female,25.0,4,yes,southwest,10590.884114744746
43,male,18.8,4,yes,southeast,9020.769321471797
54,female,39.8,3,yes,southeast,9815.211411561088
43,male,38.2,0,yes,southwest,6074.4230943217435
40,female,28.5,0,no,southeast,463.71084899447476
26,female,36.1,3,yes,northeast,8586.84676335283
29,male,28.0,2,yes,northwest,7522.638932740456
18,female,30.6,1,yes,southeast,6346.964639949399
18,male,17.2,0,yes,southwest,6569.694487194508
64,male,33.9,1,no,northwest,2493.6014692505005
51,female,18.2,3,yes,southwest,9401.241376804284
49,male,35.7,2,no,northwest,3490.184145808339
42,female,34.6,2,yes,northwest,8182.613804235087
57,female,32.7,2,no,southeast,3226.377661682816
62,male,15.9,3,yes,northeast,8679.243680545069
18,male,22.6,4,yes,southeast,9634.108811779915
33,male,21.6,4,no,southwest,4142.948313093554
56,male,24.0,1,yes,southwest,7550.913075520131
22,female,17.2,4,no,northwest,3797.383356998477
39,female,38.4,4,yes,northwest,9683.6947047354
46,male,28.8,2,no,northeast,4062.017065480305
20,female,22.6,2,yes,southeast,7870.086441532413
29,female,24.9,1,yes,southwest,6981.8552225151
43,female,26.2,0,no,northwest,1307.6692738838644
33,female,30.0,1,yes,northeast,6244.831253439303
54,male,27.9,1,yes,southwest,6381.103316764988
39,male,38.0,3,yes,northwest,8982.552826725576
46,female,27.4,3,yes,southwest,8576.319521226154
31,male,39.8,1,yes,northeast,7163.5220174953
45,male,36.3,1,yes,northeast,7443.774647651068
22,male,20.2,1,no,southwest,2458.581523935298
64,female,38.3,4,no,southeast,5741.544169894795
47,female,17.9,3,no,southwest,3345.8616441555228
63,female,35.4,1,yes,northwest,7085.517961026104
22,male,24.5,2,no,southeast,2526.5274143751926
29,female,36.9,2,yes,northwest,7624.719560493825
33,female,36.7,4,yes,southwest,9526.912443661084
43,male,35.1,4,yes,southeast,10999.15619386227
43,female,34.8,0,yes,northwest,6166.321121616325
38,female,22.6,0,no,southwest,779.884896697626
56,male,17.0,0,yes,southwest,6112.128783297151
53,male,25.1,4,no,southeast,5283.873051870786
50,male,19.3,4,yes,southwest,10445.412826853211
47,female,32.4,4,no,northeast,4761.169193316618
54,female,23.7,2,no,northwest,3195.36110843641
40,female,39.4,4,no,northwest,4782.413011824586
27,male,31.0,2,no,southwest,2909.921028130636
22,male,35.6,0,no,southwest,1100.371283581027
53,female,18.3,0,no,northeast,958.2419978595306
51,female,36.6,0,yes,southeast,6292.160552923595
48,male,38.1,1,no,southwest,2652.91549127246
27,male,27.2,1,yes,southwest,6630.505804512114
36,male,30.2,3,no,southwest,4124.837136451736
49,male,34.1,3,yes,southwest,8797.5475802398
18,female,19.4,3,no,northwest,5188.376282942941
22,male,27.6,1,no,southwest,1455.5678411181852
62,female,25.0,1,yes,northwest,6709.673672827723
21,female,18.7,3,no,southwest,4170.32403850656
33,female,24.2,3,no,southeast,3684.267428249421
41,male,16.7,4,no,northeast,5230.5230638505145
33,male,15.6,3,yes,southeast,8803.511296862942
19,male,18.4,4,no,southwest,4511.405366723105
45,male,39.1,2,yes,southwest,7880.622325437611
49,female,28.7,1,no,southwest,1674.5817191815636
44,male,39.1,3,no,southeast,4055.839498743629
37,male,25.8,1,yes,southwest,6863.801840827601
41,female,22.8,1,no,southeast,1495.0593782880628
29,male,27.7,1,no,northwest,1894.3837849067277
52,female,26.0,2,yes,northeast,7482.942353665996
50,female,17.6,0,no,northeast,1229.9506082981761
50,female,31.0,3,yes,southeast,9593.681199729983
60,female,20.4,0,yes,northwest,5605.837404895734
54,female,30.5,0,yes,southeast,5749.91347244239
29,female,31.3,0,no,northwest,1109.958403504936
20,female,18.8,1,yes,southwest,7358.683046515783
18,female,16.5,4,yes,northwest,10413.331832126587
50,male,34.5,1,no,northwest,1488.6286383818665
57,male,26.5,1,yes,northwest,7568.152414825762
27,male,16.5,0,no,northeast,684.2233310324027
60,male,39.9,1,no,northwest,2326.9051497697324
61,female,16.4,0,no,southwest,1135.3561828252805
46,male,32.4,4,no,southwest,4887.5212647919425
30,female,39.6,3,yes,southwest,9740.350316054153
29,male,21.0,0,yes,northwest,6526.981135884904
48,male,18.6,4,yes,southeast,10592.642138767618
63,male,18.0,3,yes,southeast,8003.04260586736
19,female,22.6,2,yes,southwest,7682.171365635785
52,male,17.5,0,no,northeast,0.0
40,female,32.3,0,yes,southeast,5713.359969028329
34,female,16.6,2,yes,northwest,6553.250564435171
43,male,27.7,2,yes,southeast,8244.133317319744
25,male,39.9,0,no,southwest,1282.654817790087
46,male,35.3,2,no,northeast,2969.6994467216173
43,female,30.4,1,yes,southeast,6677.42594472485
27,male,22.7,3,no,southeast,3996.015812176835
43,female,30.6,3,yes,southwest,8571.288964314452
51,female,28.2,3,yes,northeast,8529.268942616336
58,male,25.7,1,no,northeast,1452.7918990326455
24,male,18.3,2,no,southwest,2634.0795346306754
21,female,37.2,4,yes,northwest,9807.846215233618
62,female,26.2,2,yes,southeast,7891.880990768164
28,female,19.9,0,no,northwest,1048.904370009366
46,male,24.2,3,yes,southeast,9445.648302429749
53,female,25.4,2,no,southeast,3748.2403924479427
42,male,35.7,4,yes,northwest,10204.068488984147
38,female,33.3,0,no,southwest,1279.7945512813849
53,female,34.2,1,yes,southwest,7293.423178565457
27,male,15.3,1,yes,southeast,5853.907150593048
54,female,25.4,4,no,southwest,4843.151472014457
26,male,27.0,0,yes,southeast,5737.450888629668
41,male,15.5,3,yes,southwest,8509.593587115194
52,female,21.5,2,no,southeast,2919.530335690581
52,male,34.0,0,yes,southwest,6080.259723392835
53,male,18.4,1,yes,northeast,6389.836618037471
35,female,28.4,4,yes,northwest,9917.487023076474
56,male,20.4,4,no,northeast,4618.474801457484
49,male,15.3,2,no,northwest,1491.3786365415538
41,male,21.0,4,no,northwest,4176.4655398447685
40,female,39.4,4,yes,southeast,10282.45716290654
49,male,35.0,0,yes,northwest,6740.945657077054
54,female,39.0,3,yes,northeast,8086.398371160867
29,female,27.2,2,yes,northeast,7503.804183123171
30,male,17.7,0,no,southwest,969.7269169973799
40,male,28.7,3,yes,northeast,9463.097731876584
42,male,26.4,0,yes,southwest,5777.943219211991
52,female,36.1,0,yes,northwest,5890.608820789465
58,male,17.5,4,no,northeast,5499.855374945097
47,male,27.2,3,yes,northwest,9427.046352999285
34,male,18.8,2,yes,northeast,8225.309199038007
37,male,23.1,2,yes,northeast,7662.967998754627
42,male,33.4,3,yes,southwest,9684.847118841839
39,female,26.9,4,yes,northwest,9010.465633568145
30,female,24.4,1,no,northeast,2453.615045829507
36,male,24.9,0,yes,southeast,5894.7339232790555
53,male,26.5,4,yes,northwest,10109.467095623908
29,male,34.6,3,yes,northwest,8614.373670961262
58,male,37.3,0,yes,northwest,5378.9868259459245
36,female,38.9,2,yes,southwest,8261.852073895865
29,male,34.7,1,yes,southeast,7364.697274795699
26,female,22.9,2,yes,northwest,8189.346192409383
24,female,32.2,3,yes,northeast,9311.389297912294
45,male,25.9,0,yes,northeast,6177.080847526729
31,female,21.4,3,yes,southwest,8371.10678190352
48,female,36.0,0,no,northeast,1593.7380362600165
36,female,16.0,4,no,northwest,4232.188826262336
64,female,37.5,1,no,northeast,2873.5321180325673
33,male,26.5,4,no,northwest,4903.009065596913
22,male,30.9,4,yes,northeast,9952.645390067259
52,female,31.5,3,no,southeast,4572.963309152551
29,male,37.4,1,no,southwest,2643.7343127670692
42,male,30.9,0,yes,southwest,6463.319339475069
38,male,30.3,0,no,southeast,635.7710752221657
53,male,16.7,2,no,southeast,3230.3347752192763
40,male,28.0,0,yes,southwest,5602.605195014776
33,female,18.8,3,yes,southeast,9184.95070086383
56,male,33.4,4,yes,northwest,9485.418401968867
62,male,27.8,4,no,northeast,5069.159969030818
59,male,32.0,4,no,southwest,4774.554430247164
56,male,16.0,1,yes,southeast,7284.967826224013
31,female,17.1,0,yes,northwest,6304.583387044507
48,female,32.9,3,no,southwest,4247.498256895967
22,female,16.8,1,yes,southeast,6779.054571968943
52,female,16.8,2,no,southwest,3198.0885612405677
40,male,15.3,3,yes,southeast,9316.557439974558
46,female,38.9,3,yes,southwest,9276.65558733108
60,male,33.4,3,no,northwest,3968.1623375260097
28,male,23.8,4,yes,northwest,10189.633743220244
35,male,22.4,3,yes,northeast,7943.636314453164
64,male,23.7,0,yes,southwest,6498.825769779412
29,male,34.4,3,no,northeast,3727.906525279144
26,female,31.5,4,yes,southwest,9889.886066863775
27,female,19.6,3,yes,southeast,9235.025661559155
61,female,19.4,2,yes,southeast,7735.245241805154
34,female,17.5,2,yes,northeast,8093.704439287401
55,male,31.5,4,yes,southwest,10724.454377037207
24,female,34.1,0,yes,northeast,6107.016545023753
63,male,21.6,0,no,northwest,1152.7240779123558
30,female,15.5,1,no,northeast,1650.2820630281406
57,male,17.1,4,yes,northeast,9934.79899853186
59,male,39.2,3,no,southeast,3770.797610024984
26,female,22.4,4,no,northeast,4681.130956720963
44,male,34.2,1,yes,southwest,6509.89719650874
19,male,30.6,4,no,southeast,4507.616387736301
22,female,24.5,4,no,northeast,3848.5254896639185
46,male,20.1,1,no,northwest,2013.9640767524434
54,female,18.0,0,no,northeast,1725.8010826887066
55,female,30.4,3,no,northeast,3904.9471324297147
36,female,34.4,1,no,northeast,2600.56679528619
25,male,31.1,2,no,southeast,3559.8464080084577
62,male,28.3,0,no,southwest,526.4313828258647
18,male,16.0,2,yes,northwest,7168.103041154589
39,female,39.2,0,yes,northeast,6724.399044176103
34,male,35.0,3,no,southwest,4073.829318504074
24,female,22.3,3,no,southwest,3170.6055669247035
42,female,39.5,4,yes,southeast,9931.570206535696
62,male,30.0,2,no,northwest,3369.830122406033
21,female,29.6,0,no,southeast,550.0316629475831
53,male,33.7,3,yes,southwest,7801.731567282803
23,male,35.3,1,yes,southwest,6909.993411396082
48,male,31.4,3,yes,southwest,8997.503403072402
36,male,18.2,1,no,southeast,1798.6132170721637
61,male,23.5,0,no,northwest,1654.441686644765
56,female,38.2,3,yes,northeast,9320.761398949522
44,female,20.6,3,yes,southeast,9003.468677212853
27,female,24.3,0,no,southwest,1398.7684868247097
43,male,25.8,3,yes,southeast,8986.172007917881
36,male,26.0,1,no,southwest,3018.260372645051
56,male,30.3,3,no,northeast,3504.145853010499
20,female,38.6,2,yes,northeast,7654.926143446078
62,male,21.0,4,yes,northwest,10286.979204135407
30,female,18.0,1,no,southwest,2387.1567664693193
45,female,19.9,2,yes,northwest,7772.602501565688
37,male,37.2,0,yes,northwest,5673.689414605297
45,male,31.1,1,yes,northeast,7977.494792612676
25,female,22.1,4,yes,southeast,9420.815552597845
58,male,35.4,4,no,southeast,5417.5272255664895
56,female,36.5,0,no,northwest,1917.0759056738925
18,male,36.2,0,no,northeast,843.1973882894895
20,male,38.0,1,no,southwest,1798.936081371643
30,female,21.3,3,yes,southeast,8549.156128985169
45,male,33.9,0,yes,northwest,6603.7756282873825
42,female,26.5,3,no,southeast,4520.07385260133
50,male,36.0,2,no,southeast,3236.8626958810637
55,female,33.2,4,yes,southwest,11130.541126534867
23,female,34.4,3,no,northeast,4068.983279635064
61,male,31.4,4,no,southwest,5829.166607084083
62,female,19.4,3,yes,northeast,8731.999197874531
49,male,28.6,2,no,southeast,4233.878266852782
62,male,39.6,0,yes,northwest,7137.065707789856
64,male,38.4,2,yes,southwest,8274.012682235742
38,female,16.1,0,no,northeast,1479.2701043585014
33,female,19.1,0,yes,southeast,6488.990245586008
38,male,18.3,4,no,northeast,5582.520538146324
28,male,33.1,2,yes,northeast,6811.006832139848
54,female,35.4,3,no,northeast,4587.675724645418
53,male,20.3,2,no,southeast,3192.1493846528706
52,male,27.6,4,no,northwest,5297.536640471726
36,female,36.0,0,yes,northwest,6259.173216698949
37,male,33.3,4,yes,northwest,10224.905639757264
35,female,28.6,1,no,northeast,2638.57015264904
64,male,29.8,1,yes,southeast,7435.736686846686
58,female,27.7,3,no,northeast,4202.453221866182
31,male,22.4,4,no,northwest,5422.690507417809
32,male,29.1,3,yes,northwest,9201.013089205935
48,female,32.2,3,no,southeast,4390.78421367669
18,male,36.8,1,yes,northeast,8009.518554405614
20,female,30.9,3,no,southwest,3750.7596437251764
33,male,34.0,1,yes,southwest,6337.144830799379
40,female,19.0,0,no,northwest,866.1817554953985
28,female,26.5,4,no,southeast,5027.271672478482
29,female,15.2,3,yes,northeast,9059.764514728595
27,female,21.2,1,no,northeast,1862.6579573309805
49,male,33.2,2,no,northwest,3536.5596219862796
33,male,39.8,3,yes,northwest,10463.308340135785
25,female,17.5,0,no,northeast,1125.7571594385045
55,female,25.0,0,yes,northeast,6513.657650525734
29,female,35.0,2,no,northwest,3030.234296138783
41,male,20.1,1,yes,northeast,6164.371455246349
45,male,28.9,3,no,southwest,2903.9442064351274
25,male,33.3,1,no,northwest,1781.659708932141
45,male,30.4,0,no,northeast,0.0
53,female,19.7,1,yes,northwest,7165.774512509637
43,female,23.9,0,yes,southeast,5751.5915077875725
25,female,34.6,1,yes,northwest,6410.312566762378
45,male,28.9,2,yes,northwest,8118.437059974312
45,male,15.1,4,no,southeast,4407.683903179098
54,male,34.0,2,no,southwest,3425.3881268253845
58,female,15.9,2,yes,northeast,8211.813164911251
53,female,33.6,4,yes,southeast,9836.08291850578
44,male,20.1,4,yes,northwest,9753.359409454837
34,female,39.0,3,no,northeast,4307.44787691911
26,male,24.2,3,yes,southeast,8160.4788932287875
50,male,23.2,2,yes,northeast,8071.403761438508
37,female,18.7,2,no,northeast,2093.4906759603023
30,male,22.6,0,no,southeast,1134.8584897764347
45,female,36.9,0,yes,northeast,5995.4181686859
46,male,39.9,3,no,southwest,3559.7286329778826
30,female,24.2,3,yes,southeast,8594.013200429588
63,female,26.2,0,no,southwest,820.1627094032788
52,female,33.1,0,yes,northwest,6706.260441693472
23,male,37.2,1,yes,northeast,7195.652349642897
35,male,29.8,1,yes,northwest,6542.861271217434
22,female,24.8,0,yes,northwest,6680.533143600243
64,female,25.3,1,no,northeast,2389.2452007552793
42,male,32.4,4,no,southeast,4939.838815710169
19,male,15.1,3,no,northeast,2870.0829071524886
27,male,30.5,3,no,northwest,3782.7032102599032
47,female,23.9,0,yes,northwest,5852.743457671165
62,male,34.9,2,yes,southeast,8442.516165725128
22,male,17.3,0,no,northeast,1009.6282548298277
50,female,29.7,1,no,northwest,2497.2910477053674
18,male,27.0,2,no,southwest,2074.2662845807263
35,male,31.1,1,no,northwest,2151.252410581621
49,male,16.6,4,no,northwest,4747.1920873758945
64,female,29.5,1,yes,southeast,8498.988638084938
28,female,29.0,4,yes,southwest,10002.347219548185
38,female,29.0,4,yes,northwest,9708.673400769314
43,female,30.1,1,no,northwest,2122.184428358458
42,female,31.9,1,no,southwest,2093.715855994617
39,female,35.1,4,no,northeast,4152.480346424492
44,female,21.7,2,no,northeast,3108.1522317089184
30,male,35.6,4,yes,northwest,9956.720954660708
50,male,27.5,3,yes,northwest,9036.654392419741
51,female,16.9,4,no,northeast,4406.215733054721
58,male,16.5,2,yes,southeast,7323.042884893883
52,male,23.4,3,yes,southwest,9417.441167037823
18,female,34.6,0,no,southwest,1586.2283282214116
38,male,32.7,0,no,southeast,1303.0493027186176
23,male,34.7,2,no,southeast,2153.6011997201826
45,male,27.9,4,no,southeast,5274.5316796306615
34,male,26.0,1,no,southeast,1042.031724331657
22,male,18.7,2,no,southeast,2403.4121825858674
48,female,23.2,3,yes,southeast,9386.77922437862
22,female,25.9,3,yes,southwest,9206.799240852246
55,female,17.2,0,no,southeast,1097.4836822667348
20,male,20.5,3,yes,northeast,9416.451326959892
40,female,30.0,2,no,southeast,3330.0075737039633
54,male,33.4,3,no,southeast,3178.4903874795586
54,male,40.0,2,no,southwest,3135.23457687182
27,male,38.3,1,no,southwest,2130.19577113447
27,male,31.1,0,yes,southeast,5927.629136615314
36,female,25.5,3,no,southwest,3631.4324124488053
34,female,30.9,2,yes,northwest,7522.921933268202
38,male,34.6,4,no,southwest,6332.37248472966
31,female,18.0,0,no,southwest,570.6275873971091
26,male,25.2,1,no,southwest,3059.801026687226
63,female,36.0,2,yes,southwest,7714.3547976219725
18,female,24.6,1,no,northeast,2160.530034379504
62,male,29.3,1,no,northeast,2260.820708194935
30,female,29.7,3,no,northeast,3533.0252364674698
21,male,19.6,3,yes,southeast,8513.221445089659
18,female,24.1,2,yes,southeast,7814.434965319515
57,male,23.4,4,yes,northwest,9580.941691416938
49,male,15.7,2,no,northeast,2680.929702982287
51,female,15.6,4,yes,southeast,8634.548787304693
45,female,35.8,1,no,southwest,2546.7579951343696
48,male,21.8,0,yes,southwest,6539.575837061397
25,female,28.0,2,yes,northeast,8162.18185374933
56,female,22.5,2,no,northwest,4112.12906396889
43,male,38.5,4,yes,northwest,10576.048113799947
51,male,21.5,1,no,southwest,2506.4048193887797
20,female,25.7,1,no,northwest,2483.1814162550554
29,male,36.8,4,yes,northeast,8755.493321707183
18,male,36.0,1,no,southwest,2271.8365993747816
61,male,19.7,3,no,southeast,3257.5325248416093
22,female,35.1,0,yes,southeast,5471.548274214598
47,female,26.5,2,yes,northwest,7511.5133640990425
47,male,27.1,0,no,southwest,870.6420999913119
34,female,18.3,2,yes,southwest,8111.229980368848
64,male,17.0,3,no,southeast,4126.994912503352
40,female,33.2,1,no,southwest,2107.709308591201
32,male,27.4,4,yes,southwest,10319.34172060298
54,male,25.9,3,yes,southwest,9429.743160796052
38,female,33.2,0,yes,northwest,6325.312094616673
31,male,34.1,4,yes,southwest,9224.747606962606
19,female,19.0,1,no,northeast,1355.333605321638
28,female,30.3,3,no,northwest,4009.1639169713244
56,male,18.4,4,yes,southwest,10264.726441570543
55,male,33.8,3,yes,southwest,8536.710171138007
51,female,31.4,3,no,northeast,4127.32740511236
55,male,38.9,1,no,northwest,1520.1877718052738
51,male,16.7,2,no,southeast,3351.958992859639
35,male,16.4,4,no,southeast,4874.173639182362
47,male,22.1,1,yes,northwest,6253.931982022029
32,male,21.5,3,no,southwest,3163.6357310978533
44,female,21.2,1,no,southwest,2087.71593579213
51,female,37.7,2,yes,southeast,8946.399457281583
55,male,21.2,4,no,southeast,4400.607081275326
50,male,21.8,2,no,southeast,3329.3020543080384
41,male,34.0,0,yes,northeast,5863.8811409860855
32,female,26.2,4,yes,southeast,10345.597051346444
47,male,34.4,2,yes,northeast,8514.595455182656
59,female,16.6,3,no,northwest,3954.64992074122
34,female,27.2,4,no,southwest,4046.8043468597084
22,female,15.8,4,yes,southeast,10016.592825062056
46,male,16.6,1,yes,southwest,7063.0096354984325
21,female,37.7,3,no,southwest,4314.2148765972515
27,male,18.5,0,yes,southeast,5852.837031615489
34,female,28.3,2,yes,southeast,7546.606555833946
27,male,25.3,1,yes,northwest,7432.481385509555
34,female,23.7,2,no,northeast,3343.069860408318
37,male,37.5,0,no,northeast,647.2886115776674
41,female,15.5,0,no,southwest,1422.1475052588758
22,male,31.6,4,no,southeast,5057.8347173176935
51,male,39.1,0,no,northwest,1351.5684765725862
23,male,29.0,2,no,northwest,2856.8223317906586
19,male,38.4,3,yes,northwest,9074.003301707473
30,female,16.3,3,no,northwest,4411.449594154885
60,female,25.5,4,no,northwest,5576.537492299258
60,male,21.5,2,yes,northeast,8485.923541819708
28,female,33.3,2,no,northeast,3148.282176272689
64,male,39.5,0,no,northeast,1804.5858617671981
40,male,21.4,2,yes,southeast,7460.843462979714
33,female,31.4,1,yes,southwest,7334.721489249034
48,male,20.0,0,yes,northwest,5813.255984015516
28,male,29.1,1,no,southeast,942.0975062958387
33,female,26.6,4,yes,northwest,9153.949170589018
25,male,39.3,3,no,northeast,3829.51060995539
21,male,30.2,4,no,southeast,5166.576992174355
57,male,23.7,3,no,northeast,3677.9601058330154
21,male,17.9,4,no,northwest,4417.441631307645
42,female,18.8,2,yes,northwest,8217.63046093742
20,female,20.6,1,yes,southwest,6484.493940275156
49,female,21.3,3,no,northwest,4586.403621017205
20,male,36.3,0,yes,northeast,6658.561869910067
44,male,29.0,1,no,northwest,2060.9406602856593
46,female,28.1,0,no,southwest,1418.7307258291644
49,male,17.9,1,no,southwest,2161.620227178191
36,male,36.5,1,yes,northeast,7037.167362020298
38,male,33.1,4,no,southeast,5532.817331486073
22,male,16.7,3,no,northwest,4198.451027695263
35,female,32.7,3,yes,southwest,8602.7823846048
45,female,28.6,1,yes,northwest,7123.77431916037
59,female,17.0,2,yes,northwest,7956.251911288083
39,male,26.5,2,yes,southeast,8399.809733725353
38,female,27.1,0,no,southwest,760.0708247753316
23,female,19.1,0,yes,northwest,5448.119833611786
18,male,38.6,4,no,southwest,5196.499830155577
22,male,36.2,1,yes,northeast,7674.679611626787
58,female,31.7,0,yes,northeast,5574.311442295033
29,female,26.6,0,yes,northwest,5414.596923331436
43,female,25.3,1,yes,southwest,6710.747546014706
63,female,31.3,4,yes,northwest,10019.711463959224
51,male,28.6,0,yes,southwest,5194.2085987812425
31,female,16.6,4,no,southwest,5486.097643457574
43,female,27.8,3,yes,southeast,8955.846704325444
62,male,35.2,4,yes,southeast,10123.947737910014
44,female,26.5,2,yes,southeast,8811.31876901771
26,male,16.3,2,yes,northwest,8064.8967475619065
43,male,34.7,4,no,southeast,4891.289061333326
64,male,20.0,2,yes,southeast,8052.303922654078
39,female,21.5,3,yes,northeast,8854.13143381176
64,female,19.1,1,yes,southwest,7676.175428464639
47,male,23.3,2,yes,southwest,7867.287899158204
60,female,33.9,2,no,southeast,2506.970229070895
34,female,28.0,4,yes,southwest,9041.387946597351
43,male,20.1,3,no,northeast,4604.580673703344
53,male,36.9,1,yes,northeast,6858.692651118685
18,female,37.0,4,no,southeast,5415.105827816655
25,male,36.8,4,no,northeast,5146.8817153575255
52,female,21.0,3,yes,southwest,8721.67260606087
32,female,26.3,1,yes,northwest,6806.076291498437
64,female,39.6,3,no,southwest,5153.688940764767
39,female,34.3,1,no,northwest,1406.9682856784375
31,male,15.7,3,yes,southeast,8525.772384622038
43,male,16.6,4,no,northwest,5250.282880341851
45,male,26.6,4,no,northeast,4365.427495776872
40,male,37.7,0,no,southwest,1862.6414038887924
31,female,28.5,2,yes,northwest,8421.124857876814
41,female,27.4,3,no,southwest,4138.897842566168
19,male,17.6,0,no,southeast,445.42154786286625
62,female,31.4,2,no,southeast,2482.2169224080217
43,female,35.6,3,yes,northeast,9530.522947067035
31,female,24.5,1,yes,southeast,8269.322467241944
24,male,34.4,2,no,northwest,3130.946267958429
20,male,39.1,4,yes,southeast,9218.977294634049
64,male,20.1,0,no,northeast,1200.7582450633738
40,female,28.1,2,yes,southwest,8442.131485700598
63,male,22.2,2,yes,southwest,7550.073784052031
60,male,34.8,4,no,southeast,4923.244036955302
64,male,29.4,3,yes,northwest,8784.310885626854
62,male,30.9,1,yes,northeast,6912.318066568156
35,male,34.9,4,yes,northwest,10036.918442860977
55,male,24.9,1,no,northeast,1592.5494457532486
52,female,37.9,3,yes,southeast,8650.081129323888
32,female,28.3,2,yes,northeast,8063.187692837509
42,male,18.9,1,no,northeast,1746.6689800681497
54,male,32.4,0,yes,southeast,5949.879114941592
45,female,34.8,0,yes,northwest,6212.594858360757
27,female,22.9,4,yes,southeast,9082.912147220777
56,male,36.4,3,yes,northeast,9389.60146149838
34,male,37.7,4,yes,southeast,9966.15589985522
56,male,21.9,4,no,northeast,5087.7447340563895
39,male,39.6,4,no,southeast,5436.824552709484
43,female,18.5,0,yes,southwest,6400.575639143089
61,male,20.1,0,yes,southwest,6008.477208494456
42,male,19.6,4,yes,southeast,10385.359415027164
34,male,37.3,0,no,northwest,1005.0434294349548
30,male,31.4,3,no,northeast,3890.9112433177884
37,female,18.8,4,yes,southwest,9765.535913588163
42,female,26.0,0,yes,northwest,6367.062450339106
21,female,30.4,1,no,northeast,2278.4795385114567
27,male,17.1,4,yes,southwest,9794.535939930896
20,male,37.1,4,no,southwest,4478.132329197739
58,female,35.1,3,no,southeast,4548.529587883163
62,male,27.6,2,yes,northeast,7681.297682608514
35,male,39.2,2,no,northwest,2751.05130310014
64,female,25.4,3,yes,northwest,8508.757455031158
53,female,39.6,3,yes,northwest,9265.415644598983
64,female,31.7,3,yes,northeast,9809.862149235343
39,female,30.9,2,yes,northwest,7580.319727809893
51,male,19.1,3,yes,northwest,9726.287976587044
64,male,37.0,0,yes,northwest,6764.905111226786
25,female,25.7,4,no,southeast,4156.698968374688
57,male,19.1,4,no,southeast,4725.61240891084
61,female,15.3,1,no,northeast,1340.8748665045973
36,female,29.0,1,no,northeast,2342.4777288678583
59,male,28.2,4,yes,northwest,9614.918326164796
58,female,33.0,0,no,southeast,389.44026147191016
54,male,37.3,2,no,southwest,3103.137111631456
23,male,17.0,2,no,southwest,3289.697036848129
43,male,33.3,0,yes,northwest,6034.741888078724
51,male,19.7,2,no,northwest,3098.2219316783408
62,female,36.5,3,yes,southeast,9508.61554877352
23,male,35.5,4,no,southeast,4318.862203629463
54,female,28.5,4,yes,southeast,9640.312936422673
50,female,32.8,0,yes,northeast,6159.232093598798
39,female,22.9,2,no,northeast,2624.322508172306
38,female,26.8,1,yes,northwest,7828.227275197079
23,male,35.5,1,yes,northeast,6460.838802459555
23,male,26.5,2,no,southeast,2440.369948383575
21,female,23.9,1,no,southeast,1978.272129739873
47,female,27.4,0,no,northeast,719.0533311083553
28,male,35.7,0,yes,southwest,4658.083700524897
47,female,23.4,2,yes,northwest,8920.340614706909
48,male,19.3,1,yes,southwest,6338.847306886756
41,female,32.8,0,no,northwest,1391.446361340903
26,male,35.6,0,yes,southwest,5465.304414387922
20,female,17.5,3,yes,northeast,8268.482546458505
48,female,21.0,3,yes,northwest,8098.533498659381
57,male,18.5,0,yes,northwest,5534.40329986846
54,female,23.7,2,yes,northwest,7671.859091275725
53,female,26.3,4,yes,southeast,9974.717161327551
41,male,33.7,4,yes,southeast,9942.715578811776
48,female,31.3,0,no,southwest,395.24008651808595
23,male,30.5,0,no,northeast,713.0500858280367
19,male,23.8,0,no,southeast,1544.5053333874034
37,female,36.0,2,yes,northwest,8819.195272705907
45,female,26.8,3,yes,southeast,9238.843514457345
28,female,39.5,0,no,northeast,1511.5496233700865
21,female,30.9,0,yes,southeast,7003.411400567673
32,female,18.2,1,no,northwest,2059.6238297942486
23,female,31.9,2,yes,southwest,8325.094930268775
47,female,23.1,0,yes,northwest,5164.708486943229
55,male,32.2,1,no,northeast,1612.6847193809308
19,female,16.7,4,no,southwest,4662.654841499399
32,male,19.4,0,no,southeast,394.27888746287636
28,female,36.4,0,no,southeast,619.0223564884141
25,female,20.7,1,no,southeast,1347.7704758838756
43,male,35.9,2,yes,southwest,7471.214678909436
62,female,22.0,0,yes,northwest,5604.307756958974
61,female,31.1,4,yes,southwest,10346.717777405449
22,male,32.4,0,no,southwest,1906.1619632423424
23,female,27.8,4,no,northeast,5319.491091356809
43,female,22.6,3,no,southwest,4235.0777425197175
21,female,20.3,3,no,southeast,2949.233307800797
36,male,15.8,4,no,northwest,4805.648352511009
37,female,22.6,2,no,northwest,2853.52004835143
50,female,31.3,0,yes,northwest,6271.370548475589
37,female,38.5,0,yes,southeast,6024.65626526127
29,female,36.8,3,yes,southeast,9962.038370507335
64,male,34.2,4,yes,southeast,10280.38775814891
18,male,34.7,0,yes,southeast,6109.111677468436
43,female,31.6,0,no,southeast,115.77988757657477
31,female,21.5,2,no,southwest,2781.6621590278396
55,male,37.7,1,no,southeast,2853.6296750153174
54,male,31.8,3,no,southeast,4433.787804070518
28,female,29.0,3,no,southeast,2892.204530128446
53,male,17.8,1,no,southeast,1646.1624634268878
30,female,26.2,0,yes,northwest,6789.949733681502
60,male,26.5,2,no,southeast,3004.679639859238
20,male,36.6,2,no,southwest,3243.2079913555635
50,male,28.7,3,no,southwest,4883.5046436436505
23,male,24.5,2,no,southwest,2777.6929292265468
27,female,39.4,1,yes,northeast,7568.514929978952
22,male,17.8,0,yes,northwest,5921.697938579181
40,male,25.6,1,no,southeast,2274.574431755196
27,female,16.1,4,yes,northeast,9896.607828416734
61,male,33.5,3,yes,southeast,8951.185060742608
19,male,38.0,2,no,northeast,2881.101224288665
